{"cameraMode":{"drawMode":0,"name":"Shaded","section":"Shading Mode"},"sceneLighting":false,"audioPlay":false,"sceneViewState":{"m_AlwaysRefresh":false,"showFog":true,"showSkybox":false,"showFlares":true,"showImageEffects":true,"showParticleSystems":true,"showVisualEffectGraphs":true,"m_FxEnabled":true},"in2DMode":false,"pivot":{"x":-0.6402183771133423,"y":1.6921987533569337,"z":5.212116718292236},"rotation":{"x":-0.005174082238227129,"y":-0.9827979207038879,"z":0.18340183794498444,"w":-0.026503974571824075},"size":0.6433173418045044,"orthographic":false}