{"cameraMode":{"drawMode":0,"name":"Shaded","section":"Shading Mode"},"sceneLighting":false,"audioPlay":false,"sceneViewState":{"m_AlwaysRefresh":false,"showFog":true,"showSkybox":true,"showFlares":true,"showImageEffects":true,"showParticleSystems":true,"showVisualEffectGraphs":true,"m_FxEnabled":true},"in2DMode":false,"pivot":{"x":-0.9777344465255737,"y":-0.8610305786132813,"z":-1.430812120437622},"rotation":{"x":0.6156349182128906,"y":0.029648371040821077,"z":-0.021596526727080346,"w":0.7882817387580872},"size":2.779320240020752,"orthographic":false}