{"cameraMode":{"drawMode":0,"name":"Shaded","section":"Shading Mode"},"sceneLighting":false,"audioPlay":false,"sceneViewState":{"m_AlwaysRefresh":false,"showFog":true,"showSkybox":true,"showFlares":true,"showImageEffects":true,"showParticleSystems":true,"showVisualEffectGraphs":true,"m_FxEnabled":true},"in2DMode":false,"pivot":{"x":-277.41668701171877,"y":11.209702491760254,"z":210.46832275390626},"rotation":{"x":0.010484306141734124,"y":0.9861924052238464,"z":-0.1640901267528534,"w":0.048983749002218249},"size":1.8192839622497559,"orthographic":false}