{"cameraMode":{"drawMode":0,"name":"Shaded","section":"Shading Mode"},"sceneLighting":false,"audioPlay":false,"sceneViewState":{"m_AlwaysRefresh":false,"showFog":true,"showSkybox":false,"showFlares":true,"showImageEffects":true,"showParticleSystems":true,"showVisualEffectGraphs":true,"m_FxEnabled":true},"in2DMode":false,"pivot":{"x":0.006680727005004883,"y":0.19381922483444215,"z":-0.4300718307495117},"rotation":{"x":-0.19993920624256135,"y":-0.7513706088066101,"z":0.2625806927680969,"w":-0.5715669393539429},"size":0.7374407649040222,"orthographic":false}