{"cameraMode":{"drawMode":0,"name":"Shaded","section":"Shading Mode"},"sceneLighting":false,"audioPlay":false,"sceneViewState":{"m_AlwaysRefresh":false,"showFog":true,"showSkybox":false,"showFlares":true,"showImageEffects":true,"showParticleSystems":true,"showVisualEffectGraphs":true,"m_FxEnabled":true},"in2DMode":false,"pivot":{"x":-41.65082550048828,"y":0.6500470638275147,"z":24.853578567504884},"rotation":{"x":0.021726466715335847,"y":0.9405187368392944,"z":-0.33475983142852785,"w":0.058844927698373798},"size":0.6852782964706421,"orthographic":false}